,score,x,y
0,0.9399599830866401,-40.0,-20.0
1,0.9400347391232355,-40.0,0.0
2,0.9399659865321985,-40.0,20.0
3,0.9400555682964714,-20.0,-20.0
4,0.9399972348573126,-20.0,0.0
5,0.9399350217162352,-20.0,20.0
6,0.9400449272255247,0.0,-20.0
7,0.94030279358569,0.0,0.0
8,0.9402227955032428,0.0,20.0
9,0.9401695104299482,20.0,-20.0
10,0.9404105480438005,20.0,0.0
11,0.9402308918118802,20.0,20.0
12,0.9393655278865862,40.0,-20.0
13,0.9397606202849549,40.0,0.0
14,0.9398572296497422,40.0,20.0
