,score,x,y
0,0.9398586730411429,-20.0,-5.0
1,0.9399972348573126,-20.0,0.0
2,0.9400928793716886,-20.0,5.0
3,0.9402631910134608,-10.0,-5.0
4,0.9403163720939312,-10.0,0.0
5,0.9403463528614777,-10.0,5.0
6,0.9401191507409337,0.0,-5.0
7,0.94030279358569,0.0,0.0
8,0.9404217306288802,0.0,5.0
9,0.9402963922336061,10.0,-5.0
10,0.9403485694718334,10.0,0.0
11,0.9405802670748916,10.0,5.0
12,0.9403817514424326,20.0,-5.0
13,0.9404105480438005,20.0,0.0
14,0.9406124289176604,20.0,5.0
